ID,Priority,Category,Finding,Confirmation,Impact,Reproduction,Recommended_fix,Acceptance,Source_evidence,References,Suggested_owner,Original_status,Status,Implementation,Verification,Remaining_work
PRO-00,P0,Release / billing,Current bundle cannot buy/restore Pro; tester unlock remains,Compiled artifact confirmed; live store untested,The supplied iOS assets have no RevenueCat key. A partly paid app cannot sell/restore its promised unlock. Test configuration can also escape the release script.,"Inspect copied minified bundle: canBuy resolves native && false; tester redemption remains. Release script only checks .env.local prefix/text, missing effective Vite/process values.","Configure real iOS SDK key, humm_pro non-consumable, pro entitlement and lifetime offering; reject missing/placeholder keys and all test grants in resolved Release configuration and final archive.","Paid-team Release/TestFlight buy/restart/restore/refund works with localized price. Missing key, placeholder, inherited DEV_PRO and mode-specific DEV_PRO must fail release. No tester grant/UI in final assets.","src/pro/billing.ts:7,26–38; src/pro/pro.ts:9–17,30,40,69; scripts/ios-release.sh:11–17; dist/assets/index-DJ2JKdLr.js",,Release + Billing,Open — no fixes applied,Owner action,Production ignores tester/developer/local-owned flags. Effective release configuration rejects missing owner fields and test flags. Xcode Archive requires validated release assets.,tests/billing-security.test.ts; tests/billing-flow.test.ts; scripts/release-config.ts; scripts/check-ios-archive.sh; production-results.json; archive-gate-results.json,"Real RevenueCat iOS key, product, entitlement, offering, App Store agreements and paid-team purchase/restore tests are not configured/verified. Current QA assets intentionally cannot be archived for the store."
QA-01,P1,Data integrity,Undo from Song A overwrites and autosaves Song B,Confirmed Chrome runtime with persisted synthetic songs,Song B loses its tracks and receives Song A’s captured track array.,A has drums+melody; B has bass. A → Drums → More → Clear; within toast lifetime open B; tap Undo. B retains ID but receives A tracks.,Bind undo to originating project ID; dismiss project-scoped toasts on project change; audit every global undo callback.,A→B→Undo cannot change B; undo on A restores A; save/relaunch keeps both songs intact.,src/ui/part.ts:76–88; src/ui/dom.ts:62–76; src/state.ts:22–27; qa-browser-results.json undoResult,,Engineering,Open — no fixes applied,Implemented,Undo captures its originating project and is dismissed when projects change; cannot overwrite another song.,src/ui/dom.ts; src/state.ts; browser-results.json: Undo cannot edit a different song,Physical-device acceptance remains required; see Phone QA.
QA-02,P1,Microphone / privacy,Rapid taps open two recorders and leave one microphone stream live,Confirmed Chrome actual recorder/worklet with synthetic media,First recorder is overwritten; navigating closes only the latest stream. Real iOS hardware behavior needs validation.,"Delay getUserMedia, tap mic twice before opening resolves, navigate away. Two live streams become one live/one ended.",Set synchronous single-flight opening state; close stale recorder results; disable repeat taps and clean up every pending-open path.,"Double/triple tap, deny/dismiss permission, navigate while opening and retry leave exactly one or zero streams; native mic indicator stops on exit.","src/ui/hum.ts:99–115,220–228; qa-browser-results.json microphone test",,Engineering,Open — no fixes applied,Implemented,"Synchronous single-flight microphone opening; abort-aware recorder; stale permission results, partial setup and route/background paths close streams.",src/ui/hum.ts; src/audio/recorder.ts; browser-results.json: double tap and exit cleanup,Physical-device acceptance remains required; see Phone QA.
PRO-01,P1,Payment bypass,Tracks Undo unlocks export without undoing edits,Confirmed actual source callback in VM probe,Ordinary free users export paid Tracks changes using normal UI; no jailbreak/tools required.,Unlocked song → Tracks → edit note/hit → Undo toast → more edits → Studio → export. Edits remain while tracks marker is removed.,Restore musical data before removing marker; reset per-visit tracker; preserve pre-existing locks.,Undo restores originals; subsequent edit locks export again; prior paid markers survive unrelated Undo.,src/ui/tracks.ts:87–95; src/pro/exports.ts:22; paid-security-probe-output.txt,,Engineering,Open — no fixes applied,Implemented,"Tracks Undo restores the original notes/hits before restoring paid markers, resets edit tracking, and subsequent edits mark Tracks again.",src/ui/tracks.ts; browser-results.json: edit/Undo/edit and entitlement-loss checks,Physical-device acceptance remains required; see Phone QA.
PRO-02,P1,Payment bypass,Redo/import/chord replacement loses selected Pro-sound provenance,Actual recording commit and chord flows probed; other variants source traced,Ordinary free users keep a chosen Pro sound but export it free.,Pick Flute/locked kit → Redo recording/import; or pick Strings → chord Redo. New track keeps preset but loses picked. Same-kind new track can inherit preset; delete original locked track.,Preserve selected-sound origin across replacement/inheritance using common helper; keep automatically generated initial Pro sounds deliberately free.,"Recording/import/chord Redo, Add chords and inherited parts retain restriction; choosing a free preset legitimately unlocks; duplicate/reopen/restore preserves metadata.","src/ui/recordProcess.ts:29,52–58; src/ui/recordImport.ts:50; src/model/arrange.ts:14–18,31–45; src/model/project.ts:103–107",,Engineering,Open — no fixes applied,Implemented,"Common inheritance preserves selected paid-sound provenance through Record, Redo, import, chords and same-preset replacement; automatically assigned initial sounds remain deliberately free.",src/model/project.ts; src/model/arrange.ts; src/ui/recordProcess.ts; src/ui/recordImport.ts; tests/provenance.test.ts,Physical-device acceptance remains required; see Phone QA.
QA-03,P1,Data integrity,UI announces save success before persistence; errors swallowed,Source confirmed; quota/termination not forced on device,Users can lose work while seeing Saved to My songs; switching cannot detect failed flush.,Use this shows success immediately; save runs ~600ms later. Force IndexedDB/quota failure or terminate before write to test loss.,Await real save results for explicit save/switch; show persistent retryable error; retain unsaved state and avoid false success.,"Quota failure, slow DB, kill after Use/edit, background and retry preserve work or clearly report failure.",src/state.ts:46–56; src/ui/choices.ts:205–212; src/settings.ts:66–69,,Engineering,Open — no fixes applied,Implemented,Explicit save/switch awaits persistence; serialized snapshots and persistent failed-save Retry banner replace swallowed errors/early success.,src/state.ts; src/ui/saveStatus.ts; src/ui/choices.ts; tests/state-save.test.ts,Physical-device acceptance remains required; see Phone QA.
CORE-01,P1,Data integrity,Concurrent storage index writes hide saved/trash records,Confirmed three isolated source concurrency probes,Both records persist but list index contains one; saved work or restoration becomes inaccessible.,"Run concurrent saveProject(A/B) or trashProject(A/B): both records exist, list returns one. Concurrent delete probe also leaves stale entry; current Delete all UI is sequential.",Serialize common storage mutations; atomically write records/indexes where possible; recover indexes from records.,Concurrent saves/hearts/restore/delete preserve lists; failure between writes is recoverable; verify actual native IndexedDB.,"src/storage.ts:36–46,53–56,69–77,102–104; build-copy/tests/audit-storage.test.ts",,Engineering,Open — no fixes applied,Implemented,Atomic IndexedDB transactions cover record/index/trash mutations; saves are serialized; boot repairs legacy orphan indexes without discarding records.,src/storage.ts; src/state.ts; tests/storage.test.ts; tests/state-save.test.ts,Physical-device acceptance remains required; see Phone QA.
IOS-01,P1,Privacy / App Review,In-app policy says no sign-in and uninstall removes everything,Source confirmed,Disclosures contradict optional Apple identity persisted in Keychain across reinstall.,Read Privacy then Settings Account. Compare about.ts with account.ts and HummNative Keychain retention.,"Describe optional Apple ID/name/email, device Keychain, sign-out/removal and purchase records accurately.","Privacy matches fresh sign-in, sign-out, relaunch/reinstall and RevenueCat behavior.","src/ui/about.ts:8,11; src/account.ts:1–2; ios/App/App/HummNative.swift:6–7,120",https://developer.apple.com/app-store/review/guidelines/,Product + Privacy,Open — no fixes applied,Implemented,"Privacy copy describes local recordings, anonymous purchase reporting, backups, legacy Keychain identity and reinstall/retention limitations. First release creates no account.",src/ui/about.ts; src/account.ts; production-results.json: privacy and absent sign-in,Physical-device acceptance remains required; see Phone QA.
IOS-02,P1,Support / App Review,In-app support contact absent; public policy/contact setup unverified,Support source gap confirmed; local privacy sheet exists; live metadata URLs unverified,Usable support contact is absent; public policy deployment and submission metadata need verification. An accessible local privacy sheet already exists.,About sheet lacks public policy/contact; STORE_LISTING.md support email placeholder; release docs mark URL/contact outstanding.,Provide working public policy/support page and real contact; link in app and reconcile App Store Connect metadata.,"Links work signed out/cellular; public policy covers purchases, local audio/identity and user-initiated sharing.","src/ui/about.ts:19–30; src/ui/settings.ts:94–101; STORE_LISTING.md:120; docs/RELEASE.md:34–38,56",https://developer.apple.com/app-store/review/guidelines/,Product + Release,Open — no fixes applied,Owner action,In-app public policy and support links consume owner configuration; release checks require a public HTTPS policy and real email.,src/ui/about.ts; .env.example; scripts/release-config.ts; release-config-current.log,"Owner explicitly deferred the real policy URL and support email. Publish them, configure the build and verify links/App Store metadata before submission."
IOS-04,P1,Account / App Review,Account deletion/revocation path absent,Source confirmed; rule applicability conditional on account interpretation,Apple may treat labeled Account + SIWA identity as account creation requiring deletion. No server account exists; no rejection was observed.,Settings offers Sign out only; removes local identity but no explicit delete-account/token-revocation flow.,Decide whether unused account feature should remain; implement appropriate identity/account deletion and SIWA revocation or remove account creation; explain local-only design in review notes.,"Chosen deletion flow clears Keychain without return after reinstall, handles failure and accurately describes song retention; reviewer can find it.",src/ui/settings.ts:78–82; src/account.ts:61–64; ios/App/App/HummNative.swift:30–56,https://developer.apple.com/support/offering-account-deletion-in-your-app/,Product + Native,Open — no fixes applied,Removed for first release,"Owner chose an account-free release. Sign-in entry, native Apple authorization methods and capability removed. Legacy local identity removal remains.",src/account.ts; src/ui/signin.ts; ios/App/App/HummNative.swift; ios/App/App/App.entitlements; STORE_LISTING.md,"Fresh-install/reinstall acceptance should confirm no account creation. If accounts return later, implement deletion/revocation then."
PRO-03,P2,Payment lifecycle,Paid edits made while Pro lose restrictions after revocation,Fix source flow probed; Tracks/Effect branches traced,Saved Fix/Tracks/Effect results can export free after entitlement removed because usage was never recorded.,While Pro use Fix/Tracks/Effect; save; revoke entitlement; reopen/export. Markers were only added for free users.,Record feature provenance independent of current entitlement; explicitly choose policy for already-created paid work after refund.,Refund/downgrade + save/restart/duplicate/restore follows chosen policy consistently.,"src/ui/fix.ts:58; src/ui/tracks.ts:89; src/ui/choices.ts:71,130–131",,Engineering,Open — no fixes applied,Implemented,"Fix, Tracks and Effect usage are recorded even while the user owns Pro; losing entitlement does not silently turn paid work into free exports.",src/ui/fix.ts; src/ui/tracks.ts; src/ui/choices.ts; src/pro/exports.ts; browser-results.json; tests/exports.test.ts,Validate real refund/restore. Existing old projects lacking historical tool metadata cannot always be reconstructed; current non-default effects are derived at export.
PRO-04,P2,Entitlements,Bare local Pro boolean trusted indefinitely during billing failures,Actual loadPro source probe and init/failure trace,Prior grant may survive revocation offline indefinitely; web/debug storage tampering grants Pro. Stock never-paid non-debug iPhone bypass not demonstrated.,Set unsigned pro-owned flag in harness or load prior paid cache and fail billing initialization; app grants Pro without verified customer data.,Use verified native SDK cache; define offline policy and loading/unavailable/verified state; refresh on foreground/premium access without breaking legitimate paid offline use.,"Cold offline paid/free, revoked grant, failure, slow response and web/debug tamper behave according to explicit trust policy.","src/pro/pro.ts:83–96; src/main.ts:64–68; src/pro/billing.ts:29,38",https://www.revenuecat.com/docs/test-and-launch/debugging/caching,Engineering,Open — no fixes applied,Implemented,Unsigned pro-owned storage flag ignored/removed. Ownership derives from configured-product verified native SDK CustomerInfo; refresh on foreground/export; verified in-session access can survive network failure.,src/pro/pro.ts; src/pro/billing.ts; src/pro/verification.ts; tests/billing-security.test.ts; tests/billing-flow.test.ts; production-results.json,Store/SDK cached verified entitlement may remain valid offline until refreshed. Client-only checks do not prevent a modified/jailbroken binary; actual cold-offline/refund acceptance pending.
PRO-05,P2,Entitlements,Open Share sheet exports using stale authorization,Actual openExport source flow probed with renderer stub,Entitlement revocation after sheet opens does not block WAV/video release.,Open Share while Pro; revoke ownership; click Audio. Fresh policy rejects but old sheet still renders. MIDI checks live.,Recheck before rendering and releasing file; update/cancel sheet on entitlement change; centralize orchestration guard.,Revoke while sheet open/rendering/before Share or Save blocks appropriately; newly purchased entitlement also updates sheet.,"src/ui/export.ts:26–27,34,95–96,123,136",,Engineering,Open — no fixes applied,Implemented,Fresh authorization before/after rendering and again for cached-video Share/Save; captured export metadata and serialized actions prevent stale sheet permissions.,src/pro/authorize.ts; src/ui/export.ts; src/audio/export.ts; tests/exports.test.ts; production-results.json,Real refund during open sheet/render and offline SDK cache behavior require TestFlight verification.
PRO-06,P2,Entitlement integrity,RevenueCat verification FAILED still grants Pro,Synthetic SDK result through actual initBilling; no live interception,"Informational signature verification result ignored; attack needs control of trust/proxy/native client, not ordinary clicks.",Return active.pro with verification FAILED from test SDK; initBilling sets owned true.,Central CustomerInfo evaluator rejects FAILED across init/listener/buy/restore; define verified-device/unrequested migration and offline handling.,FAILED never grants in any entry point; valid purchase/cached verified states work.,"src/pro/billing.ts:35,37,68,82; RevenueCat Configuration.swift:155",https://www.revenuecat.com/docs/customers/trusted-entitlements,Engineering,Open — no fixes applied,Implemented,Central evaluator accepts only configured product with VERIFIED/VERIFIED_ON_DEVICE at customer and entitlement levels; rejects FAILED/NOT_REQUESTED. Old unrequested cache is invalidated/refetched.,src/pro/verification.ts; src/pro/billing.ts; tests/billing-security.test.ts; tests/billing-flow.test.ts,Tests inject SDK results; no live store/proxy signature interception was performed.
PRO-07,P2,Duration / policy,Studio Record/Redo can exceed free 60-second limit,Actual planTake math; no long live recording,Duration policy ambiguous: 32 bars at 60 BPM gives 128 s free recording; larger songs can exceed 180 s.,Generate ~60s/120BPM song rounded32 bars; change tempo60; Studio Record/Redo follows song bars rather than entitlement cap.,Apply shared60/180s rule if intended for all takes; otherwise accurately disclose Studio exception.,"Free/Pro Record, Redo and import at min/max BPM and long saved songs obey documented policy.",src/ui/record.ts:140–143; src/audio/take.ts:58–66; src/audio/metronome.ts:16–22; src/ui/hum.ts:142–144,,Product + Audio,Open — no fixes applied,Implemented,"Shared free 60-second / paid 180-second limit now applies to Studio Record/Redo and native import, independent of bars or slow tempo.",src/ui/record.ts; src/audio/take.ts; tests/take-limits.test.ts; native-reader/results.jsonl,Physical-device acceptance remains required; see Phone QA.
SEC-01,P2,Identity / privacy,Keychain errors swallowed; sign-out can be false success,Actual account functions with synthetic failures,Identity can return on relaunch after failed deletion; failed sign-in persistence appears successful.,Reject native secureStoreRemove; signOut resolves and UI says signed out; loadAccount reads previous identity.,Propagate deletion/write failure; show confirmed result/retry; validate stored identity shape.,"Locked/unavailable/corrupt Keychain and revoked Apple credential fail honestly, recover and do not resurrect deleted identity.","src/account.ts:26–29,62; src/ui/settings.ts:78–81; ios/App/App/HummNative.swift:123,129",,Engineering,Open — no fixes applied,Implemented,Legacy identity removal updates UI only after successful Keychain deletion; failures remain visible. New sign-in persistence removed with optional sign-in.,src/account.ts; src/ui/settings.ts; ios/App/App/HummNative.swift,Locked/unavailable Keychain and legacy-identity removal must be checked on an actual iPhone; no native fault injection claimed.
SEC-02,P2,Retention / privacy,30-day deletion promise exceeds actual lazy trash purge,Source confirmed,Expired trash remains until listTrash is called; project deletion does not delete prior cached/shared exports.,"Trash a project, advance beyond30 days while staying on Home/Studio without any path invoking listTrash, including My songs. Record remains until listTrash purge; export copies separate.","State exact retention behavior or safely purge at startup/list refresh; distinguish user-shared copies, temporary cache and Keychain.",Expired trash purges per stated app-open policy; deletion text does not promise forensic erasure or deletion of external files.,src/storage.ts:81–87; src/share.ts:22; src/cache.ts:17–21; src/ui/about.ts:11,,Privacy + Storage,Open — no fixes applied,Implemented,"Expired trash is purged on app startup/list access; privacy states 30 days followed by next app launch. Shared external copies, temporary exports and backups are distinguished.",src/storage.ts; src/ui/about.ts; src/cache.ts; tests/trash.test.ts; production-results.json,Physical-device acceptance remains required; see Phone QA.
CORE-02,P2,Import / memory,Entire media decoded before 60/180-second truncation,Source confirmed; physical memory termination untested,Local availability risk: ten-minute 48 kHz stereo Float32 PCM≈230MB before other buffers; hour≈1.38GB.,Select long compressed audio/video or multichannel WAV. Full bytes and decode allocated before trim.,Bound bytes/duration/channels early; use bounded decoding/trimming if needed; fail recoverably.,"Long/corrupt/unsupported/large input, cancellation and low-memory device remain within budget and preserve project.",src/audio/importAudio.ts:28–42,,Audio,Open — no fixes applied,Partial,"iOS system picker and AVAssetReader decode only the permitted 60/180 seconds, downmix to mono and support cancellation. Browser adds encoded-size/duration checks but Web Audio still decodes the complete accepted file.",ios/App/App/HummMedia.swift; src/native/media.ts; src/audio/importAudio.ts; native-reader/ReaderProbe.swift; native-reader/results.jsonl,"Native reader algorithm verified with Apple media services on macOS, not the full iOS picker/bridge or physical memory/jetsam. Browser decode has no strict pre-allocation PCM cap; keep its current 24 MiB/3-minute restrictions or use streaming decode before expanding browser imports."
CORE-03,P2,Audio / memory,Unbounded voice cache and eager preparation of up to 100 versions,Source confirmed; memory estimates not native measurements,60 s at 48 kHz mono float≈11.52MB per version; 100 could exceed1 GB. Buffers persist across choices cleanup.,Long hum → repeatedly More →100 versions; choices prepares every arrangement and voice cache lacks eviction.,Prepare selected version on demand; bound cache by memory/entries; evict abandoned choices and cancel stale work.,"60s/180s, 100 versions, Hum again, switch and clear-cache retain bounded memory and responsive UI.","src/audio/voiceLayer.ts:14,37–61; src/ui/choices.ts:60–85,233–237; src/dsp/client.ts:56",,Audio,Open — no fixes applied,Implemented,Prepare the selected version lazily; 64 MiB/8-entry voice cache and active-voice budget; 64 MiB/160-entry rendered-sound cache; bounded batches and cancelled stale work.,src/audio/prepare.ts; src/audio/voiceLayer.ts; src/synth/renderCache.ts; src/ui/choices.ts; src/ui/transport.ts,"Cache bounds are implemented, but total process memory, 100-version stress, thermal and battery behavior require physical measurements. Very large arrangements may fail with a recoverable budget error."
CORE-04,P2,Export / memory,Video preview Blob URLs never revoked,Source confirmed,Repeated preview/dismiss retains large encoded blobs for document lifetime.,Make video and dismiss Share repeatedly; created URL not revoked on close/replacement.,Revoke replaced/dismissed preview URLs and clear video source once share no longer needs blob.,Repeated exports release memory after close; active preview/share remains functional.,"src/ui/export.ts:46,91–97",,Engineering,Open — no fixes applied,Implemented,Closing/replacing Share clears the preview and revokes its Blob URL.,src/ui/export.ts; production-results.json: Closing Share revokes its preview Blob URL,Physical-device acceptance remains required; see Phone QA.
CORE-05,P2,Video lifecycle,Video startup errors and interruptions can escape cleanup,Source finding; native failure cases untested,Allocations/start precede try/finally; recorder has no error rejection/deadline. Startup/background issues may leak/stall.,"Inject MediaRecorder constructor/start failure; close during preparation; simulate recorder error, background or suspended clocks.",Wrap startup/all allocations in cleanup boundary; handle recorder errors and abort every async stage; bound stop path.,Error/lock/call/background/cancel exits cleanly with no live capture tracks and usable controls.,src/audio/export.ts:73–104; src/ui/export.ts:80–88,,Audio + Native QA,Open — no fixes applied,Implemented,"Video allocation/startup now live inside cleanup; recorder errors, cancellation, background and stalled clocks reject; independent deadline and encoded-chunk budget prevent hanging.",src/audio/export.ts; src/ui/export.ts; tests/video-lifecycle.test.ts; production-results.json,"Real WKWebView codecs, calls/lock/background and destination sharing remain device checks. Browser video evidence does not certify iOS MP4 or Photos integration."
CORE-06,P2,DSP / performance,DSP jobs have no cancellation/deadline and heavy UI-thread fallback,Source interface confirmed; no new infinite-loop input found,Stale jobs keep consuming resources; a stalled worker has no recovery; worker failure can block UI.,Navigate during analysis/repeated More; never-responding worker or worker-load failure harness.,Bound input/job duration; cancel/discard stale jobs and recover worker; avoid large inline fallback.,"Cancellation, stale jobs and worker failure leave app responsive and do not commit wrong project.",src/dsp/client.ts:46–57,,DSP,Open — no fixes applied,Implemented,"Abortable worker requests, bounded deadlines and worker recovery replace unbounded jobs/heavy main-thread fallback. Production emits a classic worker for older Safari compatibility.",src/dsp/client.ts; vite.config.ts; tests/dsp-lifecycle.test.ts; production-results.json: actual bundled worker renders 115194 frames,Physical-device acceptance remains required; see Phone QA.
CORE-08,P2,Sharing / product,Before→after video includes raw voice when My voice is off,Actual voiceMix source probe; format intentionally documented,Users may share original humming/ambient speech unexpectedly; not demonstrated exfiltration.,"Turn My voice off, make Before→after video: raw segment still included (mute affects it; voice.on/level/solo do not).",Explicitly identify/preview original-take inclusion; consider band-only option according to product intent.,Preview/file match; voice off/on/mute/solo/imported speech behavior clear before sharing.,src/audio/export.ts:25–38; src/audio/render.ts:45–53,,Product + Audio,Open — no fixes applied,Implemented,Share explicitly discloses original recording and provides an Include original recording checkbox. Default before/after behavior is preserved; users can choose band-only video.,src/ui/export.ts; src/audio/export.ts; production-results.json: original-voice disclosure and band-only decoded duration,Physical-device acceptance remains required; see Phone QA.
QA-04,P2,Layout,Tracks hides later parts/All/Add chords on phones,Confirmed browser geometry and screenshots at10 viewports,"16 part rail830px content versus287–366px phone client, overflow hidden; later controls cannot be reached.",Open16 nonempty parts + suggestion +All. Phone portrait fallback/landscape and mini landscape clip rail. MAX_TRACKS declared but not enforced.,Allow rail scrolling and keep selection visible; choose/enforce track limit if desired.,"1/4/8/16 parts and All/suggestions reachable in both orientations, native locks and iPad windows.","src/styles/tracks.css:12–15; src/ui/trackRail.ts:70–115; src/model/project.ts:118,125–127; qa-layout-results.json",,Engineering,Open — no fixes applied,Implemented,Track rail scrolls to all 16 parts/All; common model mutations enforce the 16-track limit before changes.,src/styles/tracks.css; src/ui/trackRail.ts; src/model/project.ts; browser-results.json: all sixteen tracks reachable,Physical-device acceptance remains required; see Phone QA.
QA-05,P2,Accessibility,Drum and note grids lack accessible interactive cells,"Confirmed DOM:192 drum cells, 0 focusable, 0 labeled; native VO untested",Core editing inaccessible to keyboard/VoiceOver/Switch Control users.,Inspect drum/note div cells or attempt keyboard interaction; no semantics/labels/focus.,Semantic labeled cells with selected state and efficient keyboard navigation; accessible alternative to hold-only solo.,VoiceOver/Switch Control/external keyboard can identify and edit beats/pitches without pointer.,"src/ui/grid.ts:41,108–126; src/ui/noteGrid.ts:60,126–129",,Engineering,Open — no fixes applied,Implemented,"Drum/note cells are labeled native buttons with pressed state, roving tab focus, arrow/delete controls; aggregate grid rows are named and decorative cells hidden.",src/ui/gridKeyboard.ts; src/ui/grid.ts; src/ui/noteGrid.ts; src/ui/allGrid.ts; browser-results.json,"Real VoiceOver/Switch Control/external keyboard acceptance pending, especially dense grid navigation and hold-only gestures."
QA-06,P2,Accessibility,Sheets leak focus to background and lack focus restoration,Confirmed Chrome Tab focus outside Mix dialog,Modal controls hard to discover; background remains operable despite aria-modal.,Open Mix; focus background My songs; Tab moves to Settings outside dialog.,Central sheet focus placement/trap/background inert/restore; name paywall; handle nested dialogs.,Tab/ShiftTab/VO stay in sheet; Escape/close restores origin; nested Share/paywall and delete dialogs work.,src/ui/dom.ts:81–101; src/ui/paywall.ts:44,,Engineering,Open — no fixes applied,Implemented,"Shared nested-sheet stack labels dialogs, hides background, contains focus including older-iOS fallback, handles Escape and restores the correct focus.",src/ui/modalFocus.ts; src/ui/dom.ts; src/ui/paywall.ts; browser-results.json: nested focus checks,Physical-device acceptance remains required; see Phone QA.
QA-08,P2,Playback lifecycle,Raw My take playback not stopped when leaving Part,Source confirmed; physical speaker behavior untested,Separate raw singleton may keep playing alongside other screens/song.,Play My take then leave Part; cleanup cancels animation but stops only arranged player later.,Stop raw audition during screen/project cleanup; guard async transport/chords playback after navigation.,Back/project switch/background stop intended playback and no delayed start occurs.,"src/ui/part.ts:55–61,107; src/app.ts:27–54; src/ui/transport.ts:9–13; src/ui/chords.ts:23–26",,Audio,Open — no fixes applied,Implemented,Raw audition and arranged playback stop on route/project/background; async preparation is aborted and delayed play guarded by generation/project identity.,src/app.ts; src/ui/part.ts; src/ui/transport.ts; src/ui/chords.ts,"Physical speaker/route/interruption acceptance pending; browser checks establish lifecycle guards, not sound-route certification."
QA-11,P2,Async data integrity,Import may mutate new current project after navigation,Source lifecycle risk; wrong-song import not runtime reproduced,Import changes tempo/length before caller alive check; no project-bound cancellation.,Begin part import; navigate/switch projects while analysis pending; completion path edits global state.,Capture project ID/generation and abort token; guard every commit before state mutation.,Import cancelled/switched to B cannot modify B; active A successful import still commits.,src/ui/recordImport.ts:58–62; record caller alive check,,Engineering,Open — no fixes applied,Implemented,Recording/import captures project ID and lifetime abort token; tempo/bars changes only commit while the originating project is active.,src/ui/record.ts; src/ui/recordImport.ts; src/ui/recordProcess.ts; src/ui/importSheet.ts; src/state.ts,Physical-device acceptance remains required; see Phone QA.
QA-12,P2,Accessibility / touch,Small editing targets and uncertain native large-text support,Source/geometry confirmed; Dynamic Type not physically tested,Grid widths≈16–18px; notes18–22px tall; dense targets difficult. Viewport disables web zoom where honored.,375px drum grid; landscape notes; enable largest text/VO on real device. Browser200% approximation alone is insufficient.,Provide zoom/scroll/alternate accessible editing and adequate hit areas; support readable large-text layouts.,Native largest text/bold/VO/keyboard and touch editing remain readable/reachable.,src/styles grid/note styles; index.html:5; qa-393x852-studio-200percent.png,https://developer.apple.com/design/human-interface-guidelines/accessibility,Design + Engineering,Open — no fixes applied,Partial,Viewport zoom enabled; native Dynamic Type bridge scales root text; keyboard/semantic editing and scrollable rail added; browser 200% dark layout captured.,index.html; ios/App/App/HummNative.swift; src/native/humm.ts; src/theme.ts; dark-393x852-large-text.png,Dense grid targets remain below 44 points to preserve the current editor layout. Validate zoom/keyboard/VoiceOver alternatives and largest native text; consider a dedicated magnified editor if touch acceptance fails. Browser 200% is not a native accessibility certification.
IOS-05,P2,Sign-in appearance,Apple logo drawn as font glyph rather than official asset/button,Source/appearance confirmed,SIWA branding review risk.,Custom button uses private-use U+F8FF character and CSS sizing.,Use native Apple button or official downloadable logo artwork; validate clear space/localization/accessibility.,Native Release sign-in button follows official branding and is labeled.,src/ui/signin.ts:13–17; src/styles/signin.css:4–10,https://developer.apple.com/design/human-interface-guidelines/sign-in-with-apple,Design + Native,Open — no fixes applied,Removed for first release,Custom Apple sign-in button no longer appears because optional sign-in is removed.,src/ui/signin.ts; src/account.ts; production-results.json,"If sign-in returns, use Apple-approved button/branding; old unused CSS is not a release UI."
IOS-06,P2,Minimum OS,Duplicate uses structuredClone unavailable on iOS15.0–15.3,Static compatibility confirmed against primary WebKit release; old phone untested,Declared-supported users cannot Duplicate; no UI error path.,Minimum target15.0; projects duplicate calls structuredClone unconditionally; WebKit added API15.4.,Compatible clone implementation or genuinely tested new minimum; preserve typed raw buffers.,Duplicate voice/note/hit project on oldest declared-supported OS works and persists.,"src/ui/projects.ts:102–107,130; ios/App/App.xcodeproj/project.pbxproj:316,340",https://webkit.org/blog/12445/new-webkit-features-in-safari-15-4/,Engineering,Open — no fixes applied,Implemented,Manual project clone handles nested musical data and typed raw audio without structuredClone; duplicate/Undo/import use the compatible helper.,src/model/project.ts; src/ui/projects.ts; tests/provenance.test.ts,Minimum iOS 15 runtime still requires testing on an actual supported older device.
IOS-07,P2,Minimum OS / import,Picker cancellation relies on event added in Safari16.4,Static gap confirmed; specific native hang untested,iOS15.0–16.3 cancellation may leave unresolved picker/busy UI.,pickAudioFile resolves only change/cancel; supported older WebKit lacks cancel event.,Add compatible dismissal handling or revise tested OS support; remove hidden input on every exit.,Cancel/interrupt/same-file/navigation on oldest OS restores UI and creates no stale commit.,src/audio/importAudio.ts:19–20,https://webkit.org/blog/13966/webkit-features-in-safari-16-4/,Engineering,Open — no fixes applied,Implemented,"iOS uses native picker cancellation; browser picker additionally handles focus/visibility dismissal and abort, removing hidden input on every exit.",ios/App/App/HummMedia.swift; src/native/media.ts; src/audio/importAudio.ts,"iOS 15/16 picker cancellation, iCloud file download, same file and navigation/background acceptance remain required."
IOS-08,P2,Privacy labels,RevenueCat data-purpose declarations need reconciliation,Local labels confirmed; actual dashboard configuration unverified,Local Purchase History Functionality-only differs from current RC guidance including Analytics.,"Compare app/vendor manifests, local listing and RevenueCat App Privacy guide; dashboard not inspected.",Generate final aggregate privacy report; map actual RC use/integrations to public policy and ASC labels; do not assume linked IDs/tracking.,"Manifest, policy, labels and actual network/configuration agree; anonymous SIWA-unlinked ID treated accurately.",ios/App/App/PrivacyInfo.xcprivacy:15–23; docs/RELEASE.md:51–52; STORE_LISTING.md:124–126; src/pro/billing.ts:32,https://www.revenuecat.com/docs/platform-resources/apple-platform-resources/apple-app-privacy,Privacy + Release,Open — no fixes applied,Owner action,"Manifest/store copy reconcile anonymous RevenueCat Purchase History purposes as App Functionality and Analytics, without ad tracking or identity linkage under current integrations.",ios/App/App/PrivacyInfo.xcprivacy; src/ui/about.ts; STORE_LISTING.md; docs/RELEASE.md,Owner must complete App Store Connect App Privacy answers and inspect final aggregate archive manifests/dashboard integrations. Any later custom user IDs/integrations can change linkage declarations.
IOS-09,P2,Store appearance,Store screenshots show old monetization and missing controls,Visual inspection confirmed,Uploaded unchanged screenshots would describe incorrect purchase behavior/UI.,Share screenshot locks Audio and says share/save with Pro; current unlocked first 3 versions allow Audio/video. Choices lacks voice/instrument/effect controls.,Recapture six iPhone and six iPad shots from final native Release candidate with accurate states/captions.,Opaque correct-size shots reflect real free/paid flows; no personal Apple identity exposed.,"design/store-screenshots/iphone-6.9/3-pick-your-sound.png,6-share-video.png; equivalent iPad assets",https://developer.apple.com/app-store/review/guidelines/,Design + Release,Open — no fixes applied,Owner action,"Store copy/review notes updated for account-free release, paid controls and privacy; new light/dark QA screenshots produced.",STORE_LISTING.md; docs/RELEASE.md; light-*.png; dark-*.png; native-dark-launch.png,Final marketing screenshot set has not replaced the old stored listing imagery. Generate/upload approved current iPhone/iPad captures in Apple-accepted sizes after owner configuration; QA browser screenshots are not a finished store asset pack.
IOS-10,P2,iPad / orientation,Tracks assumes landscape despite potentially failing iPad lock,Source/native plugin risk; native window runtime untested,Large portrait/multitasking windows can remain portrait; locked flag set before success and failure swallowed.,Enter Tracks in iPad portrait/split view; native orientation lock may fail; width>600 bypasses CSS fallback.,Handle lock failure and adapt to actual window size; validate modern multitasking behavior rather than blindly add deprecated full-screen key.,"Portrait, both landscapes, rotation lock, split/window/Stage Manager and resize preserve reachable grid/sheets.","src/native/orientation.ts:19–20; src/ui/tracks.ts:107,114; Info.plist:68–74",https://developer.apple.com/documentation/BundleResources/Information-Property-List/UIRequiresFullScreen,Native + UI,Open — no fixes applied,Implemented,"Portrait Tracks fallback now applies to iPad windows as well as phones, regardless of whether the native landscape lock succeeds; rail remains scrollable.",src/ui/tracks.ts; src/styles/tracks.css; light-1024x1366-tracks.png; dark-1366x1024-tracks.png,"Physical iPad rotation lock, Stage Manager/window resizing and share popovers remain pending. Portrait fallback preserves the existing rotated-editor design."
IOS-11,P2,Purchase UX,Restore errors misreported; fallback price/product can mislead,Source confirmed; native transactions untested,Offline paying users told No purchase found; default $0.99 not localized; wrong offering may sell wrong product under lifetime copy.,Reject restore/network; no local price; current offering lacks lifetime package but first package exists.,Separate no-purchase/unavailable/error/pending states; require intended non-consumable lifetime product; show confirmed localized price.,"Offline/error/cancel/pending/Ask to Buy, wrong offering and currencies show honest state and never grant on failure.","src/pro/billing.ts:46,77–86; src/ui/paywall.ts:32,45,69–74; src/ui/settings.ts:49",,Billing + Product,Open — no fixes applied,Implemented,Exact configured lifetime product; localized actual store price only; buy disabled until offering ready; restore/network/unverified/pending outcomes reported honestly.,src/pro/billing.ts; src/ui/paywall.ts; tests/billing-flow.test.ts; tests/billing-security.test.ts,"Actual localized prices, pending purchases, restore/refund and unavailable offerings require configured store/TestFlight acceptance."
SEC-05,P3,Export retention,Shared native cache files retained without age/size cleanup,Source confirmed,Cached audio/video persists after sharing/cancel; full base64 adds memory. Separate from Blob URL issue.,share.ts writes Directory.Cache filename; no post-share cleanup; same name overwrites; Clear cache manual.,Dedicated bounded export-cache directory; clean expired files safely after native activities finish; accurate retention policy.,Completed/cancelled/same-name/repeated exports and active share cleanup bounded; saved songs unaffected.,src/share.ts:11–22; src/cache.ts:11,,Native + Storage,Open — no fixes applied,Implemented,"Owned temporary sharing namespace expires after one day, budgets 128 MiB, cleans legacy owned files, uses secure nonces and 768 KiB base64 chunks; partial failed writes removed.",src/cache.ts; src/share.ts; tests/share-cache.test.ts,Native Files/Photos/share-sheet transfer and cleanup on device pending. External recipient copies remain outside app deletion control.
CORE-07,P3,Dependencies,One development-only uuid advisory chain,Registry scan and installed caller reviewed,3 moderate package nodes are one advisory; production npm0. Observed xcode uuid.v4() has no affected output buffer; no exploit found.,Full lock audit: CLI8.5.2→xcode3.0.1→uuid7.0.3; advisory affects v3/v5/v6 caller buffers.,Select maintained compatible dependency resolution and validate native sync; avoid blind force downgrade.,Advisory removed with compatible Capacitor versions; native outputs validate. Track native/SPM advisories separately.,package-lock.json; node_modules/xcode/lib/pbxProject.js:90,https://github.com/uuidjs/uuid/security/advisories/GHSA-w5hq-g745-h8pq,Engineering,Open — no fixes applied,Implemented,Scoped xcode uuid override to patched CommonJS-compatible 11.1.1; no forced major dependency downgrade.,package.json; package-lock.json; dependency-audit.json; xcode-project-check.json,"npm audit reports known advisories for this lockfile/date, not a guarantee against all vulnerabilities."
