ID,Device_OS,Area,Scenarios,Expected,Evidence_to_record,Original_status,Current_status,Local_evidence,Result,Tested_model,Tested_OS,Build_channel,Actual_result,Evidence_path
PHONE-01,Oldest supported iOS15.0–15.3; slower supported iPhone,Minimum OS,Launch; voice Duplicate; file picker cancel; AudioWorklet/classic production worker; WAV/MP4; one-minute hum,No unavailable API failures; accurate minimum support,"Collect model, OS/build, app hash/channel, expected/actual, capture, logs",Required — physical device untested,Physical-device acceptance pending,"Compatible clone, classic built worker, native picker and focus fallback implemented. Minimum OS physical runtime untested.",NOT RUN ON PHYSICAL DEVICE,,,,,
PHONE-02,SE class 375×667 /667×375,Small-screen layout,Every screen; long names; keyboard; mic hints; grids; 16 parts; paywall/Restore; safe areas,All actions reachable and readable,"Collect model, OS/build, app hash/channel, expected/actual, capture, logs",Browser viewport checked; rail fails; native pending,Physical-device acceptance pending,375×667 browser light/dark captures; rail reachable. Native small-phone/keyboard/safe-area acceptance pending.,NOT RUN ON PHYSICAL DEVICE,,,,,
PHONE-03,Narrow notched iPhone/mini class; 393×852 /852×393 representative,Notch/landscape,Both landscape directions; home indicator; sheets; sliders; full16 part rail,No clipped/touch-obscured controls,"Collect model, OS/build, app hash/channel, expected/actual, capture, logs",Browser representative size/synthetic insets checked; rail fails; native pending,Physical-device acceptance pending,393×852 and 852×393 browser captures pass rail/theme checks; actual notches/insets/native rotation pending.,NOT RUN ON PHYSICAL DEVICE,,,,,
PHONE-04,Owner iPhone 16 Pro; latest available supported stable iOS,Real audio,Quiet/loud/low/high hums; beatbox; denial/revoke; repeated taps; navigation while permission pending,One mic; usable recovery; correct capture/detection and no orphan stream,"Collect model, OS/build, app hash/channel, expected/actual, capture, logs",Required — physical device untested,Physical-device acceptance pending,Synthetic browser mic double-tap/exit checks pass; physical input/detection/permission recovery pending.,NOT RUN ON PHYSICAL DEVICE,,,,,
PHONE-05,Large6.9-inch iPhone; 440×956 /956×440 representative,Large display/listing,All screens/free+Pro; native screenshots; sheets; orientation,Correct current UI and accepted screenshot dimensions,"Collect model, OS/build, app hash/channel, expected/actual, capture, logs",Browser size checked; rail fails; native pending,Physical-device acceptance pending,430×932 browser captures and iPhone 18 Pro Simulator iOS27 dark launch. Exact store screenshots/physical large phone pending.,NOT RUN ON PHYSICAL DEVICE,,,,,
PHONE-06,iPad mini 744×1133 /1133×744,Tablet layout,Portrait/landscape/upside-down; split/window resize; rotation lock; external keyboard; share popover,Tracks/sheets adapt to actual window; every part reachable,"Collect model, OS/build, app hash/channel, expected/actual, capture, logs",Browser sizes checked; mini landscape rail fails; native pending,Physical-device acceptance pending,Scrollable rail and unconditional portrait fallback implemented. iPad mini physical/window/share tests pending.,NOT RUN ON PHYSICAL DEVICE,,,,,
PHONE-07,Large/older 12.9-inch representative 1024×1366 /1366×1024; actual 13-inch 1032×1376 /1376×1032,Large tablet,Stage Manager/window resize; multitasking; landscape lock failure; actual 13-inch native store screenshots,Layout adapts; no stuck rotation; usable popovers,"Collect model, OS/build, app hash/channel, expected/actual, capture, logs",Older large-iPad representative browser sizes checked; actual 13-inch/native pending,Physical-device acceptance pending,1024×1366 and 1366×1024 browser captures reviewed. Native iPad/Stage Manager/store screenshots pending.,NOT RUN ON PHYSICAL DEVICE,,,,,
PHONE-08,At least small and standard iPhone; minimum/current OS,Recording limits,9/10/60s free; 180s Pro; silence; clipped audio; 32 bars at 60 BPM; long saved song; Record/Redo,"Stated limits, clear retry, no stuck timer or data loss","Collect model, OS/build, app hash/channel, expected/actual, capture, logs",Required — physical device untested,Physical-device acceptance pending,take-limits unit tests and native reader 60/180-second caps pass; long real recording and physical timing pending.,NOT RUN ON PHYSICAL DEVICE,,,,,
PHONE-09,Physical iPhone + wired headset/AirPods/Bluetooth,Audio routes,Speaker/headphone/silent switch; unplug/route change; call/Siri; lock/background; metronome leak,"Defined interruption handling, acceptable latency, no surprise ongoing capture/playback","Collect model, OS/build, app hash/channel, expected/actual, capture, logs",Required — physical device untested,Physical-device acceptance pending,Capture/playback abort/deadline cleanup implemented; all physical route/call/latency tests pending.,NOT RUN ON PHYSICAL DEVICE,,,,,
PHONE-10,Slowest supported phone; low free storage/memory,Import/stress,M4A/WAV/MP3/MOV/MP4/CAF/FLAC/OGG as supported; corrupt/zero/large/multichannel; picker cancel; navigate to B,"Bounded memory, useful errors; no wrong-project commit; no crash/jetsam","Collect model, OS/build, app hash/channel, expected/actual, capture, logs",Required — physical device untested,Physical-device acceptance pending,"Extracted native reader algorithm passes long/multichannel/corrupt/cancel probes with Apple macOS media services. Full iOS picker, iCloud and jetsam pending.",NOT RUN ON PHYSICAL DEVICE,,,,,
PHONE-11,Free/Pro native; multiple saved songs,Persistence,Rapid save/heart/duplicate/trash/restore; A Clear→B Undo; quota failure; terminate immediately after edit/use,No song overwrite/hidden records; accurate success and recovery,"Collect model, OS/build, app hash/channel, expected/actual, capture, logs",Cross-song/storage algorithms reproduced outside native; fixes absent,Physical-device acceptance pending,Atomic/rollback/index repair/serialized failure tests pass; browser cross-song Undo passes. Native quota/termination acceptance pending.,NOT RUN ON PHYSICAL DEVICE,,,,,
PHONE-12,VoiceOver/Switch Control/external keyboard; small/iPad,Accessibility,Navigate/edit every cell; nested sheets; largest text/bold; reduce motion; touch targets; long translated text; Light/Dark/System preference and restart,"Labeled editable cells, modal focus, readable/reachable controls","Collect model, OS/build, app hash/channel, expected/actual, capture, logs",DOM grids/focus fail; browser200% approximation only; native pending,Physical-device acceptance pending,"Semantic grids, keyboard and nested focus browser checks pass; zoom/Dynamic Type implemented; 200% browser capture. Dense targets remain; native assistive technologies/largest text pending.",NOT RUN ON PHYSICAL DEVICE,,,,,
PHONE-13,Free physical iPhone,Free policy,First3 automatically generated arrangements including Pro presets; unlimited saves; Part editor; visual video mark/WAV,Approved free capabilities continue; no accidental extra lock,"Collect model, OS/build, app hash/channel, expected/actual, capture, logs",Required — physical device untested,Physical-device acceptance pending,Production browser free WAV and first-arrangement policy regression tests pass; real free iPhone workflow pending.,NOT RUN ON PHYSICAL DEVICE,,,,,
PHONE-14,Free physical iPhone,Paid provenance,More4+; choose each Pro sound; Tracks Undo/edit; Fix Undo; Effect toggles; Redo/import/chords; inherited tracks,Locked features retained across transformations; exact explanation shown,"Collect model, OS/build, app hash/channel, expected/actual, capture, logs",PRO-01/02 proved in actual-source harness; native pending,Physical-device acceptance pending,Browser Tracks Undo/edit/loss checks and paid provenance regression tests pass. Physical transformed projects/Fix/Effect acceptance pending.,NOT RUN ON PHYSICAL DEVICE,,,,,
PHONE-15,Paid-team Release/TestFlight; sandbox account/device,Buy/restore,Correct humm_pro; buy/cancel/error/pending/Ask to Buy; localized currencies; reinstall/second device; restore offline,"Lifetime ownership verified, honest errors/price and no duplicate charge","Collect model, OS/build, app hash/channel, expected/actual, capture, logs",Required — physical device untested,Physical-device acceptance pending,Synthetic SDK billing-flow tests pass. No live purchase/restore/Ask to Buy or localized store tests; owner setup required.,NOT RUN ON PHYSICAL DEVICE,,,,,
PHONE-16,Native Release/TestFlight free/paid; sandbox refund/revoke,Entitlement changes,Foreground after refund; open Share then revoke; render then revoke; restart offline; legitimate paid offline; failed init,Live export policy and verified cache; never-paid remains free,"Collect model, OS/build, app hash/channel, expected/actual, capture, logs",Required — physical device untested,Physical-device acceptance pending,Refresh/revocation policy covered with injected SDK data; real refund/cold offline/second-device state pending.,NOT RUN ON PHYSICAL DEVICE,,,,,
PHONE-17,Actual SDK + synthetic verification cases,Trusted entitlements,FAILED on init/listener/buy/restore; VERIFIED/VERIFIED_ON_DEVICE; old NOT_REQUESTED cache migration,FAILED cannot grant; legitimate cached/store results work,"Collect model, OS/build, app hash/channel, expected/actual, capture, logs",FAILED grant confirmed with fake SDK through actual code; real proxy untested,Physical-device acceptance pending,FAILED/NOT_REQUESTED rejected in regression tests; configured product/VERIFIED/VERIFIED_ON_DEVICE evaluated. Real SDK store results pending.,NOT RUN ON PHYSICAL DEVICE,,,,,
PHONE-18,Fresh install/reinstall of account-free Release; legacy test identity if present,Identity,No sign-in on onboarding/Settings; remove legacy local identity; Keychain deletion failure; relaunch/reinstall,No account creation; honest legacy removal; songs retained; privacy matches,"Collect model, OS/build, app hash/channel, expected/actual, capture, logs",Required — physical device untested,Account creation removed; legacy removal acceptance pending,Owner chose account-free first release; no sign-in controls/capability. Legacy identity removal still needs Keychain fault/reinstall test.,NOT RUN ON PHYSICAL DEVICE,,,,,
PHONE-19,Physical iPhone/iPad; actual share destinations,Files/export,WAV/MIDI/1080×1920video; Photos/Files/WhatsApp etc.; cancel/close/replace; raw voice off/on/mute/solo; Include original recording on/off and band-only video,Correct gates/audio/watermark/preview; files open; no unexpected original-voice inclusion,"Collect model, OS/build, app hash/channel, expected/actual, capture, logs",Required — physical device untested,Physical-device acceptance pending,"Production browser WAV header, MIDI gate, real 1080p video/band-only audio, share handoff and Blob cleanup pass; native destinations/codec acceptance pending.",NOT RUN ON PHYSICAL DEVICE,,,,,
PHONE-20,Low-memory phone; repeated sessions,Memory/battery/thermal,60s/180s; 100 versions; Hum again; 20+ video previews; clear cache while jobs/share active,Measured bounded memory/CPU/cache; useful cancellation; no thermal/crash regressions,"Collect model, OS/build, app hash/channel, expected/actual, capture, logs",Required — physical device untested,Physical-device acceptance pending,Cache/memory budgets and cancellation implemented; repeated-preview cleanup tested. Physical Instruments memory/thermal/battery stress pending.,NOT RUN ON PHYSICAL DEVICE,,,,,
PHONE-21,Release final archive + TestFlight fresh install,Final artifact,No DEV_PRO/tester redemption; key/product/capabilities; signed entitlement state; aggregate privacy report,Reviewable paid release with identical tested/uploaded build,"Collect model, OS/build, app hash/channel, expected/actual, capture, logs",Required — physical device untested,Physical-device acceptance pending,Production ignores forged grants; release/archive guards pass and current missing setup is rejected. Signed upload candidate/privacy report/TestFlight pending.,NOT RUN ON PHYSICAL DEVICE,,,,,
PHONE-22,Physical device; screen recording/mirroring/external recorder,Residual monetization tradeoff,Capture audible free preview,Business accepts intended local preview/capture limits; no claim of total DRM,"Collect model, OS/build, app hash/channel, expected/actual, capture, logs",Required — physical device untested,Physical-device acceptance pending,Audible free previews deliberately remain; physical capture/business acceptance pending. No total DRM claim.,NOT RUN ON PHYSICAL DEVICE,,,,,
