ID,Gate,Required_evidence,References,Owner,Original_status,Status,Current_status
GATE-01,Paid membership/App ID/signing,Paid team; registered bundle com.krishanthasandaruwan.humm; validated distribution archive; no SIWA capability for this release,,Release owner,Portal unverified; supplied build is Debug/development; docs mention Personal Team,Owner action,"Paid signing team, registered bundle ID and validated distribution archive unverified; unsigned Release device/simulator builds succeed. Apple sign-in removed."
GATE-02,Non-consumable IAP,"humm_pro product, price/territories/metadata/review screenshot; Paid Apps agreement, bank/tax",,Release owner,Live App Store Connect unverified,Owner action,"Create/verify humm_pro non-consumable, localized price/territories, review metadata and commercial agreements."
GATE-03,First IAP submission,Attach first non-consumable to app1.0 submission,https://developer.apple.com/help/app-store-connect/manage-submissions-to-app-review/submit-an-in-app-purchase/,Release owner,Required submission check,Owner action,Attach the first IAP to the app version submission; App Store Connect not accessed.
GATE-04,RevenueCat setup,Production iOS public SDK key; store credentials; pro entitlement; current offering lifetime product; transfer/restore settings,,Release owner,Dashboard unverified; current shipped assets contain no key,Owner action,"Real public iOS SDK key, product→pro entitlement, Lifetime offering and store/transfer setup pending. Release configuration rejects missing setup."
GATE-05,Privacy/support,"Live policy/support/contact, App Privacy answers and aggregate archive manifests match actual SDK use",https://developer.apple.com/app-store/review/guidelines/,Release owner,In-app/source gaps confirmed; dashboard/public deployment unverified,Owner action,"In-app hooks, privacy copy and manifest corrected. Real public policy/support and dashboard/aggregate manifest reconciliation pending."
GATE-06,Account decision,Account-free fresh-install/reinstall UI; no Apple sign-in capability; legacy local identity removal behaves honestly,https://developer.apple.com/support/offering-account-deletion-in-your-app/,Release owner,Conditional rule applicability; no delete-account flow,Completed decision,"Owner chose account-free first release; UI, native Apple sign-in methods and capability removed."
GATE-07,Accurate listing/assets,Current screenshots in required device sizes (project plans six each for iPhone/iPad); localized copy/prices; no identity exposure,https://developer.apple.com/help/app-store-connect/reference/app-information/screenshot-specifications,Release owner,Dimensions good; stored imagery stale; six each is not an Apple minimum,Owner action,Copy/review notes corrected and QA light/dark images captured. Approved current store screenshot pack/upload pending.
GATE-08,Age/category,Complete current questionnaire; Music; deliberate Kids Category choice,https://developer.apple.com/help/app-store-connect/manage-app-information/set-an-app-age-rating,Release owner,4+ local proposal plausible; external questionnaire unverified,Owner action,Complete the current age-rating questionnaire/category selection; local proposed rating does not prove portal completion.
GATE-09,EU trader declaration,Trader/non-trader declaration and verified contacts where applicable,https://developer.apple.com/help/app-store-connect/manage-compliance-information/manage-european-union-digital-services-act-trader-requirements,Release owner,Unverified,Owner action,EU trader/non-trader declaration/contact verification remains unverified.
GATE-10,Content rights,Commercial rights/license verification for fonts/icons/art/reference imagery and imported media user instructions,,Release owner,License credits present; ownership cannot be proved from file presence,Owner action,Commercial rights/licenses must be confirmed by the owner; existing artwork was not changed.
GATE-11,Review notes,10-second hum steps; account-free release; first 3 generated arrangements free; picked sounds/Tracks/Fix/Effect/MIDI; actual sandbox buy/restore,,Release owner,Local notes exist; update for final behavior,Draft prepared,"STORE_LISTING.md contains current account-free review notes, free rules and paid examples. Insert actual contact/store data and verify review flow."
GATE-12,Family Sharing,Deliberate availability choice; if enabled test family restore/revocation,https://developer.apple.com/documentation/storekit/supporting-family-sharing-in-your-app,Release owner,Optional configuration unverified,Owner action,Choose Family Sharing; test family restore/revocation if enabled.
GATE-13,SDK/export compliance,"Validate final SDK minimum, privacy reasons/SDK requirements and encryption declaration",https://developer.apple.com/news/upcoming-requirements/ ; https://developer.apple.com/support/third-party-SDK-requirements/,Release owner,Existing SDK 27 meets current minimum; OS encryption-only declaration plausible,Partial,SDK27 unsigned builds satisfy the current Xcode26/iOS26 upload minimum. Final signed archive/privacy aggregation/encryption declaration review still pending.
GATE-14,Release acceptance,All P0/P1 cleared; P2 resolved or documented decision; physical matrix and money lifecycle passed on exact upload candidate,,Release owner,Hold release: code defects remain; native tests not performed,Hold submission,"Local code verification completed. Owner configuration, signed candidate, physical matrix, money lifecycle and accessibility acceptance remain required."
